timestamp,price,date
1577836800000,7195.153895430029,2020-01-01
1577923200000,7193.7546679601,2020-01-02
1578009600000,6963.853353983485,2020-01-03
1578096000000,7300.34693530511,2020-01-04
1578182400000,7351.377053166627,2020-01-05
1578268800000,7349.972248050628,2020-01-06
1578355200000,7734.675515785289,2020-01-07
1578441600000,8147.415237636371,2020-01-08
1578528000000,8045.789124592971,2020-01-09
1578614400000,7832.795643840387,2020-01-10
1578700800000,8180.513169803805,2020-01-11
1578787200000,8012.085781814529,2020-01-12
1578873600000,8171.401185320944,2020-01-13
1578960000000,8110.647964503772,2020-01-14
1579046400000,8801.871213137745,2020-01-15
1579132800000,8820.85010599613,2020-01-16
1579219200000,8720.91950137424,2020-01-17
1579305600000,8902.568995225329,2020-01-18
1579392000000,8906.902675151074,2020-01-19
1579478400000,8690.380569544623,2020-01-20
1579564800000,8631.253954333763,2020-01-21
1579651200000,8724.818622931474,2020-01-22
1579737600000,8665.436914096897,2020-01-23
1579824000000,8415.956027335538,2020-01-24
1579910400000,8432.096675789418,2020-01-25
1579996800000,8348.665665079325,2020-01-26
1580083200000,8595.728298493115,2020-01-27
1580169600000,8879.335548714553,2020-01-28
1580256000000,9320.805853868467,2020-01-29
1580342400000,9276.893821086494,2020-01-30
1580428800000,9509.80513557522,2020-01-31
1580515200000,9308.060285564778,2020-02-01
1580601600000,9363.22420680057,2020-02-02
1580688000000,9338.416631939404,2020-02-03
1580774400000,9308.91270229121,2020-02-04
1580860800000,9179.95928107711,2020-02-05
1580947200000,9592.18387389791,2020-02-06
1581033600000,9744.636578159387,2020-02-07
1581120000000,9799.448455824684,2020-02-08
1581206400000,9890.701658194865,2020-02-09
1581292800000,10148.379719131783,2020-02-10
1581379200000,9890.121224019967,2020-02-11
1581465600000,10226.925769215322,2020-02-12
1581552000000,10328.897565836414,2020-02-13
1581638400000,10221.260309201634,2020-02-14
1581724800000,10320.157140513991,2020-02-15
1581811200000,9894.136123789158,2020-02-16
1581897600000,9943.673602578743,2020-02-17
1581984000000,9723.605026422496,2020-02-18
1582070400000,10133.817417084678,2020-02-19
1582156800000,9618.409248250406,2020-02-20
1582243200000,9608.16918128246,2020-02-21
1582329600000,9673.011800270346,2020-02-22
1582416000000,9658.606058375473,2020-02-23
1582502400000,9946.716123467522,2020-02-24
1582588800000,9670.9608064677,2020-02-25
1582675200000,9345.342701734848,2020-02-26
1582761600000,8801.657129472504,2020-02-27
1582848000000,8781.175282202359,2020-02-28
1582934400000,8717.331431359424,2020-02-29
1583020800000,8552.989118581636,2020-03-01
1583107200000,8567.802248679225,2020-03-02
1583193600000,8905.876104262194,2020-03-03
1583280000000,8756.718576742549,2020-03-04
1583366400000,8758.646993191916,2020-03-05
1583452800000,9038.870323233425,2020-03-06
1583539200000,9135.84506603321,2020-03-07
1583625600000,8902.20195010789,2020-03-08
1583712000000,8041.365538071835,2020-03-09
1583798400000,7921.33200691072,2020-03-10
1583884800000,7906.731528510632,2020-03-11
1583971200000,7935.522040170545,2020-03-12
1584057600000,5142.990459018316,2020-03-13
1584144000000,5542.819542373153,2020-03-14
1584230400000,5214.189112383918,2020-03-15
1584316800000,5397.93335743919,2020-03-16
1584403200000,5032.501351487721,2020-03-17
1584489600000,5389.41577503409,2020-03-18
1584576000000,5376.280747845438,2020-03-19
1584662400000,6170.200600237675,2020-03-20
1584748800000,6195.603505257629,2020-03-21
1584835200000,6145.770891252399,2020-03-22
1584921600000,5859.647430299388,2020-03-23
1585008000000,6456.347485963419,2020-03-24
1585094400000,6730.173782371188,2020-03-25
1585180800000,6695.9006183977235,2020-03-26
1585267200000,6765.56207892991,2020-03-27
1585353600000,6397.826328325604,2020-03-28
1585440000000,6255.000398693634,2020-03-29
1585526400000,5915.337154791903,2020-03-30
1585612800000,6403.141235565223,2020-03-31
1585699200000,6421.70541388854,2020-04-01
1585785600000,6640.797666310131,2020-04-02
1585872000000,6807.897017890566,2020-04-03
1585958400000,6732.852018394612,2020-04-04
1586044800000,6859.424923721944,2020-04-05
1586131200000,6788.048272605917,2020-04-06
1586217600000,7297.635558289496,2020-04-07
1586304000000,7196.782202442051,2020-04-08
1586390400000,7342.291601148024,2020-04-09
1586476800000,7294.488875121554,2020-04-10
1586563200000,6864.694257006497,2020-04-11
1586649600000,6878.781212589853,2020-04-12
1586736000000,6913.158787469097,2020-04-13
1586822400000,6857.538537511484,2020-04-14
1586908800000,6860.17853570111,2020-04-15
1586995200000,6629.431738031291,2020-04-16
1587081600000,7059.92622475854,2020-04-17
1587168000000,7035.261503989225,2020-04-18
1587254400000,7242.5109294929825,2020-04-19
1587340800000,7127.511949689152,2020-04-20
1587427200000,6856.456278354705,2020-04-21
1587513600000,6842.038597634602,2020-04-22
1587600000000,7109.995291181778,2020-04-23
1587686400000,7382.793144116689,2020-04-24
1587772800000,7495.393587498606,2020-04-25
1587859200000,7538.557687279841,2020-04-26
1587945600000,7683.867415083342,2020-04-27
1588032000000,7774.281554448049,2020-04-28
1588118400000,7758.230255185947,2020-04-29
1588204800000,8744.430287016561,2020-04-30
1588291200000,8610.63580374089,2020-05-01
1588377600000,8824.818413551968,2020-05-02
1588464000000,8966.307014689282,2020-05-03
1588550400000,8888.671912686868,2020-05-04
1588636800000,8884.407813577056,2020-05-05
1588723200000,9003.240557621584,2020-05-06
1588809600000,9144.68703972007,2020-05-07
1588896000000,9959.166416261767,2020-05-08
1588982400000,9821.81131529702,2020-05-09
1589068800000,9566.777187205966,2020-05-10
1589155200000,8752.617087745832,2020-05-11
1589241600000,8604.75159101983,2020-05-12
1589328000000,8788.466749414652,2020-05-13
1589414400000,9283.08601265873,2020-05-14
1589500800000,9796.494527024528,2020-05-15
1589587200000,9309.29535940684,2020-05-16
1589673600000,9375.29710843331,2020-05-17
1589760000000,9666.32719340344,2020-05-18
1589846400000,9708.439858793108,2020-05-19
1589932800000,9760.198937162193,2020-05-20
1590019200000,9526.50759300584,2020-05-21
1590105600000,9059.962506871727,2020-05-22
1590192000000,9131.767275081993,2020-05-23
1590278400000,9170.361063506127,2020-05-24
1590364800000,8731.848525870651,2020-05-25
1590451200000,8883.691769863415,2020-05-26
1590537600000,8839.130663273247,2020-05-27
1590624000000,9174.118563996424,2020-05-28
1590710400000,9546.04563503715,2020-05-29
1590796800000,9427.120373393418,2020-05-30
1590883200000,9662.70587254818,2020-05-31
1590969600000,9466.961781429516,2020-06-01
1591056000000,10167.93069332851,2020-06-02
1591142400000,9515.243858655718,2020-06-03
1591228800000,9645.227869360308,2020-06-04
1591315200000,9776.20299178848,2020-06-05
1591401600000,9636.965527050057,2020-06-06
1591488000000,9662.858709002241,2020-06-07
1591574400000,9738.603356828593,2020-06-08
1591660800000,9773.02951309516,2020-06-09
1591747200000,9767.00531665552,2020-06-10
1591833600000,9874.898681832236,2020-06-11
1591920000000,9325.996856202635,2020-06-12
1592006400000,9469.533297509908,2020-06-13
1592092800000,9469.473456163696,2020-06-14
1592179200000,9345.960907722063,2020-06-15
1592265600000,9431.719262201745,2020-06-16
1592352000000,9524.92661691022,2020-06-17
1592438400000,9463.361414311787,2020-06-18
1592524800000,9399.767217129216,2020-06-19
1592611200000,9312.780104497786,2020-06-20
1592697600000,9360.247968201687,2020-06-21
1592784000000,9298.360829121417,2020-06-22
1592870400000,9678.683208975835,2020-06-23
1592956800000,9624.684291831398,2020-06-24
1593043200000,9288.061774486938,2020-06-25
1593129600000,9258.667161007706,2020-06-26
1593216000000,9166.486360416233,2020-06-27
1593302400000,9013.90556467614,2020-06-28
1593388800000,9139.903276297824,2020-06-29
1593475200000,9185.166540651147,2020-06-30
1593561600000,9149.721996758017,2020-07-01
1593648000000,9230.672998590804,2020-07-02
1593734400000,9094.318072166905,2020-07-03
1593820800000,9071.3850427828,2020-07-04
1593907200000,9132.908369533492,2020-07-05
1593993600000,9087.407312582163,2020-07-06
1594080000000,9342.376492626678,2020-07-07
1594166400000,9253.630980242333,2020-07-08
1594252800000,9432.172515827939,2020-07-09
1594339200000,9235.716302064242,2020-07-10
1594425600000,9282.913638839902,2020-07-11
1594512000000,9234.314674712627,2020-07-12
1594598400000,9297.479635872663,2020-07-13
1594684800000,9240.76251972468,2020-07-14
1594771200000,9247.060695963813,2020-07-15
1594857600000,9203.371435179699,2020-07-16
1594944000000,9136.483376363976,2020-07-17
1595030400000,9156.276583115488,2020-07-18
1595116800000,9168.402736564132,2020-07-19
1595203200000,9202.615839500108,2020-07-20
1595289600000,9163.159654576915,2020-07-21
1595376000000,9384.379751903267,2020-07-22
1595462400000,9514.304987626969,2020-07-23
1595548800000,9589.81771944117,2020-07-24
1595635200000,9535.93879573746,2020-07-25
1595721600000,9691.825138917147,2020-07-26
1595808000000,9925.751397476346,2020-07-27
1595894400000,10962.258481207355,2020-07-28
1595980800000,10904.916526918994,2020-07-29
1596067200000,11093.612240442404,2020-07-30
1596153600000,11116.307163685275,2020-07-31
1596240000000,11325.5515272739,2020-08-01
1596326400000,11812.094307268515,2020-08-02
1596412800000,11066.306240590267,2020-08-03
1596499200000,11230.907762749297,2020-08-04
1596585600000,11181.917508034885,2020-08-05
1596672000000,11719.26352395155,2020-08-06
1596758400000,11768.127742240009,2020-08-07
1596844800000,11571.487980683192,2020-08-08
1596931200000,11739.131006414418,2020-08-09
1597017600000,11682.851469154939,2020-08-10
1597104000000,11862.938012702563,2020-08-11
1597190400000,11398.671060896633,2020-08-12
1597276800000,11579.867951602135,2020-08-13
1597363200000,11817.164038803397,2020-08-14
1597449600000,11777.391322489924,2020-08-15
1597536000000,11864.905810156475,2020-08-16
1597622400000,11901.776488302461,2020-08-17
1597708800000,12272.465808160425,2020-08-18
1597795200000,11949.610970628193,2020-08-19
1597881600000,11733.278970862082,2020-08-20
1597968000000,11861.83657727968,2020-08-21
1598054400000,11515.124298729217,2020-08-22
1598140800000,11676.385305081287,2020-08-23
1598227200000,11647.928120934363,2020-08-24
1598313600000,11758.828120368864,2020-08-25
1598400000000,11350.753473213,2020-08-26
1598486400000,11465.002564032086,2020-08-27
1598572800000,11300.398363810944,2020-08-28
1598659200000,11519.118388160729,2020-08-29
1598745600000,11481.481823317012,2020-08-30
1598832000000,11701.004008657852,2020-08-31
1598918400000,11672.324104943627,2020-09-01
1599004800000,11895.225345345636,2020-09-02
1599091200000,11418.254756916149,2020-09-03
1599177600000,10197.459822768922,2020-09-04
1599264000000,10484.470392265588,2020-09-05
1599350400000,10177.789718049991,2020-09-06
1599436800000,10260.0177277544,2020-09-07
1599523200000,10359.445216989981,2020-09-08
1599609600000,10125.014956069688,2020-09-09
1599696000000,10230.154699360752,2020-09-10
1599782400000,10342.159391205681,2020-09-11
1599868800000,10378.223044584596,2020-09-12
1599955200000,10439.38467226404,2020-09-13
1600041600000,10328.866065987393,2020-09-14
1600128000000,10661.096235144483,2020-09-15
1600214400000,10787.58020807624,2020-09-16
1600300800000,10952.249969107099,2020-09-17
1600387200000,10937.996396960929,2020-09-18
1600473600000,10927.150310293275,2020-09-19
1600560000000,11083.99836119821,2020-09-20
1600646400000,10923.32666818137,2020-09-21
1600732800000,10439.522488792423,2020-09-22
1600819200000,10527.58784673943,2020-09-23
1600905600000,10223.784106392732,2020-09-24
1600992000000,10726.530083321983,2020-09-25
1601078400000,10681.993848113701,2020-09-26
1601164800000,10743.19287975935,2020-09-27
1601251200000,10765.300521660893,2020-09-28
1601337600000,10672.02854425897,2020-09-29
1601424000000,10837.516586513004,2020-09-30
1601510400000,10770.881347466415,2020-10-01
1601596800000,10627.976063963179,2020-10-02
1601683200000,10572.674843011133,2020-10-03
1601769600000,10546.65625537982,2020-10-04
1601856000000,10670.700811335208,2020-10-05
1601942400000,10784.94940309411,2020-10-06
1602028800000,10605.95779130622,2020-10-07
1602115200000,10668.011010796896,2020-10-08
1602201600000,10888.666546835811,2020-10-09
1602288000000,11063.2523862591,2020-10-10
1602374400000,11286.541942043945,2020-10-11
1602460800000,11377.814876756858,2020-10-12
1602547200000,11543.183760771468,2020-10-13
1602633600000,11426.105544220427,2020-10-14
1602720000000,11435.57243757972,2020-10-15
1602806400000,11495.584995733887,2020-10-16
1602892800000,11319.097785677623,2020-10-17
1602979200000,11365.814131026178,2020-10-18
1603065600000,11495.899975689872,2020-10-19
1603152000000,11752.146863919786,2020-10-20
1603238400000,11908.708923246453,2020-10-21
1603324800000,12806.435726727443,2020-10-22
1603411200000,12951.044060038126,2020-10-23
1603497600000,12928.072296348406,2020-10-24
1603584000000,13106.04601925958,2020-10-25
1603670400000,13021.410842124118,2020-10-26
1603756800000,13060.79221208406,2020-10-27
1603843200000,13655.185415883081,2020-10-28
1603929600000,13282.999348292438,2020-10-29
1604016000000,13441.878496031612,2020-10-30
1604102400000,13537.174271524887,2020-10-31
1604188800000,13778.637638352931,2020-11-01
1604275200000,13720.361465146289,2020-11-02
1604361600000,13558.361795524168,2020-11-03
1604448000000,13989.976358180447,2020-11-04
1604534400000,14101.716050813722,2020-11-05
1604620800000,15553.331701081443,2020-11-06
1604707200000,15548.312145063144,2020-11-07
1604793600000,14818.45891122149,2020-11-08
1604880000000,15496.316149147417,2020-11-09
1604966400000,15335.342198178862,2020-11-10
1605052800000,15278.70965979927,2020-11-11
1605139200000,15686.905986213233,2020-11-12
1605225600000,16265.149252483357,2020-11-13
1605312000000,16326.81487507908,2020-11-14
1605398400000,16095.561510630652,2020-11-15
1605484800000,15984.673784156614,2020-11-16
1605571200000,16714.40386322188,2020-11-17
1605657600000,17651.82042768171,2020-11-18
1605744000000,17829.934958345126,2020-11-19
1605830400000,17819.75743096837,2020-11-20
1605916800000,18628.813489036198,2020-11-21
1606003200000,18689.528655825852,2020-11-22
1606089600000,18390.61184379203,2020-11-23
1606176000000,18360.693300385865,2020-11-24
1606262400000,19091.524181728702,2020-11-25
1606348800000,18753.288921684914,2020-11-26
1606435200000,17138.029512395206,2020-11-27
1606521600000,17140.27555252362,2020-11-28
1606608000000,17718.972832629497,2020-11-29
1606694400000,18169.95420978285,2020-11-30
1606780800000,19609.52143957559,2020-12-01
1606867200000,18857.417371118165,2020-12-02
1606953600000,19208.398191994624,2020-12-03
1607040000000,19435.20484740911,2020-12-04
1607126400000,18711.226549886927,2020-12-05
1607212800000,19139.111575237486,2020-12-06
1607299200000,19325.55411859109,2020-12-07
1607385600000,19198.806493935343,2020-12-08
1607472000000,18336.514581297808,2020-12-09
1607558400000,18564.986455688137,2020-12-10
1607644800000,18262.058384653155,2020-12-11
1607731200000,18058.027339569555,2020-12-12
1607817600000,18807.09540322016,2020-12-13
1607904000000,19151.13442340493,2020-12-14
1607990400000,19259.97047153096,2020-12-15
1608076800000,19432.362456862407,2020-12-16
1608163200000,21317.66213678684,2020-12-17
1608249600000,22805.65580598891,2020-12-18
1608336000000,23120.57055156752,2020-12-19
1608422400000,23863.85484171969,2020-12-20
1608508800000,23518.31842054723,2020-12-21
1608595200000,22840.991707188354,2020-12-22
1608681600000,23794.79330262859,2020-12-23
1608768000000,23308.12723217715,2020-12-24
1608854400000,23760.287048542956,2020-12-25
1608940800000,24671.107714415415,2020-12-26
1609027200000,26476.130137019492,2020-12-27
1609113600000,26423.22879190229,2020-12-28
1609200000000,27125.384120651503,2020-12-29
1609286400000,27424.538954606684,2020-12-30
1609372800000,28837.28852895899,2020-12-31
1609459200000,29022.41839530417,2021-01-01
1609545600000,29352.12679194895,2021-01-02
1609632000000,32163.824935335215,2021-01-03
1609718400000,33008.226203489285,2021-01-04
1609804800000,31515.575966658354,2021-01-05
1609891200000,34082.20604904424,2021-01-06
1609977600000,36933.520137309126,2021-01-07
1610064000000,39547.08408135567,2021-01-08
1610150400000,40815.96185478254,2021-01-09
1610236800000,40296.5290038294,2021-01-10
1610323200000,38397.895985418174,2021-01-11
1610409600000,35669.90668663349,2021-01-12
1610496000000,33938.33587810088,2021-01-13
1610582400000,37456.00772548642,2021-01-14
1610668800000,39232.74997140346,2021-01-15
1610755200000,36787.52121668496,2021-01-16
1610841600000,36254.713079410845,2021-01-17
1610928000000,35804.263885674685,2021-01-18
1611014400000,36595.4647692826,2021-01-19
1611100800000,36104.86385775514,2021-01-20
1611187200000,35587.489202735545,2021-01-21
1611273600000,30913.695736053804,2021-01-22
1611360000000,32957.908782655926,2021-01-23
1611446400000,32068.08737440817,2021-01-24
1611532800000,32273.51735032927,2021-01-25
1611619200000,32375.320062981456,2021-01-26
1611705600000,32582.10944502123,2021-01-27
1611792000000,30445.52586511351,2021-01-28
1611878400000,33128.34752861149,2021-01-29
1611964800000,34150.81876737221,2021-01-30
1612051200000,34199.51981036302,2021-01-31
1612137600000,33064.78676701507,2021-02-01
1612224000000,33405.99035714327,2021-02-02
1612310400000,35485.98593382442,2021-02-03
1612396800000,37494.71762460426,2021-02-04
1612483200000,36816.50808203406,2021-02-05
1612569600000,38007.83222908396,2021-02-06
1612656000000,39279.41286897885,2021-02-07
1612742400000,38833.34026455532,2021-02-08
1612828800000,46307.57412159395,2021-02-09
1612915200000,46569.56483,2021-02-10
1613001600000,44848.69344950499,2021-02-11
1613088000000,47815.96175554316,2021-02-12
1613174400000,47414.1862550079,2021-02-13
1613260800000,46941.29208582354,2021-02-14
1613347200000,48607.8745224845,2021-02-15
1613433600000,47898.487027633135,2021-02-16
1613520000000,49238.13690672487,2021-02-17
1613606400000,52143.6788446198,2021-02-18
1613692800000,51733.075539032034,2021-02-19
1613779200000,56038.72775892988,2021-02-20
1613865600000,56377.63347790987,2021-02-21
1613952000000,57669.3035269179,2021-02-22
1614038400000,54410.85629451601,2021-02-23
1614124800000,48691.894831704405,2021-02-24
1614211200000,49849.378713583144,2021-02-25
1614297600000,46992.665450048495,2021-02-26
1614384000000,46551.48747675472,2021-02-27
1614470400000,46653.52639939581,2021-02-28
1614556800000,44970.163459946736,2021-03-01
1614643200000,49787.33995949672,2021-03-02
1614729600000,48532.23678981703,2021-03-03
1614816000000,50577.45746915202,2021-03-04
1614902400000,48727.45120080115,2021-03-05
1614988800000,49091.81488232977,2021-03-06
1615075200000,49019.36859236582,2021-03-07
1615161600000,51313.09262027362,2021-03-08
1615248000000,52328.5359126325,2021-03-09
1615334400000,54700.273439277444,2021-03-10
1615420800000,56020.4877195857,2021-03-11
1615507200000,57788.86810329514,2021-03-12
1615593600000,57353.86147197248,2021-03-13
1615680000000,61315.197932766816,2021-03-14
1615766400000,59428.967566027764,2021-03-15
1615852800000,55805.32924923426,2021-03-16
1615939200000,56830.253335076224,2021-03-17
1616025600000,59014.92563205099,2021-03-18
1616112000000,57922.40959262911,2021-03-19
1616198400000,58243.27060892363,2021-03-20
1616284800000,58376.15847137206,2021-03-21
1616371200000,57573.539344778685,2021-03-22
1616457600000,54370.137557895185,2021-03-23
1616544000000,54584.86994699455,2021-03-24
1616630400000,52526.86659704657,2021-03-25
1616716800000,51416.908304980054,2021-03-26
1616803200000,55033.100480447036,2021-03-27
1616889600000,55832.418109618324,2021-03-28
1616976000000,55728.10132780653,2021-03-29
1617062400000,57634.92869447539,2021-03-30
1617148800000,58668.628336761,2021-03-31
1617235200000,58817.3738884188,2021-04-01
1617321600000,58801.194843878126,2021-04-02
1617408000000,59060.02678333801,2021-04-03
1617494400000,57060.40665471088,2021-04-04
1617580800000,58228.802623466196,2021-04-05
1617667200000,58706.81559311396,2021-04-06
1617753600000,58062.17872433649,2021-04-07
1617840000000,56134.41738866435,2021-04-08
1617926400000,58065.644024815316,2021-04-09
1618012800000,58152.993262141834,2021-04-10
1618099200000,59979.39281571831,2021-04-11
1618185600000,59988.02095852983,2021-04-12
1618272000000,59911.020594847316,2021-04-13
1618358400000,63576.676041048275,2021-04-14
1618444800000,62807.12323259299,2021-04-15
1618531200000,63179.772446084695,2021-04-16
1618617600000,61497.299569441195,2021-04-17
1618704000000,60273.86667694734,2021-04-18
1618790400000,56288.94534001195,2021-04-19
1618876800000,55721.166052695626,2021-04-20
1618963200000,56294.728558586925,2021-04-21
1619049600000,54190.07026283405,2021-04-22
1619136000000,51965.5664304852,2021-04-23
1619222400000,51191.1246964079,2021-04-24
1619308800000,50133.1073963654,2021-04-25
1619395200000,48981.4413932161,2021-04-26
1619481600000,53978.80554728962,2021-04-27
1619568000000,54991.81484262107,2021-04-28
1619654400000,54810.6138506792,2021-04-29
1619740800000,53596.70402266675,2021-04-30
1619827200000,57828.511814425874,2021-05-01
1619913600000,57812.96915967891,2021-05-02
1620000000000,56600.74528738432,2021-05-03
1620086400000,57200.30029871162,2021-05-04
1620172800000,53464.37021950372,2021-05-05
1620259200000,57432.100227087576,2021-05-06
1620345600000,56507.759439869595,2021-05-07
1620432000000,57361.56904328887,2021-05-08
1620518400000,58771.881689509355,2021-05-09
1620604800000,58213.926293744385,2021-05-10
1620691200000,55901.66759456145,2021-05-11
1620777600000,56928.97235660158,2021-05-12
1620864000000,50004.76218313686,2021-05-13
1620950400000,49972.795398372444,2021-05-14
1621036800000,49913.26314398822,2021-05-15
1621123200000,46780.902304688214,2021-05-16
1621209600000,46585.06413538846,2021-05-17
1621296000000,43780.82559782485,2021-05-18
1621382400000,43091.04144756922,2021-05-19
1621468800000,37287.39140242737,2021-05-20
1621555200000,40437.73009625558,2021-05-21
1621641600000,37339.63420134628,2021-05-22
1621728000000,37520.31767547438,2021-05-23
1621814400000,34977.527801962424,2021-05-24
1621900800000,38642.4422973396,2021-05-25
1621987200000,38210.80521759389,2021-05-26
1622073600000,39406.934244116186,2021-05-27
1622160000000,38642.89555434217,2021-05-28
1622246400000,35710.220936529884,2021-05-29
1622332800000,34775.07941347281,2021-05-30
1622419200000,35714.75202018067,2021-05-31
1622505600000,37340.6792659422,2021-06-01
1622592000000,36680.06820180283,2021-06-02
1622678400000,37685.71798174826,2021-06-03
1622764800000,39151.316183800314,2021-06-04
1622851200000,36938.72031139185,2021-06-05
1622937600000,35546.98596483364,2021-06-06
1623024000000,35834.4744744042,2021-06-07
1623110400000,33451.38340714534,2021-06-08
1623196800000,33557.15068309184,2021-06-09
1623283200000,37553.64375851888,2021-06-10
1623369600000,36903.304906778896,2021-06-11
1623456000000,37289.43252210222,2021-06-12
1623542400000,35666.14977877309,2021-06-13
1623628800000,39147.70567879997,2021-06-14
1623715200000,40624.51305316154,2021-06-15
1623801600000,40378.20254971114,2021-06-16
1623888000000,38321.454656574206,2021-06-17
1623974400000,38193.619141943964,2021-06-18
1624060800000,35881.11137137543,2021-06-19
1624147200000,35581.64226773201,2021-06-20
1624233600000,35787.07740523232,2021-06-21
1624320000000,31711.935467727006,2021-06-22
1624406400000,32507.738707026845,2021-06-23
1624492800000,33702.61779371396,2021-06-24
1624579200000,34675.44910530336,2021-06-25
1624665600000,31943.136467863093,2021-06-26
1624752000000,32023.973901774916,2021-06-27
1624838400000,34607.293274083386,2021-06-28
1624924800000,34556.8421269449,2021-06-29
1625011200000,35968.993667970346,2021-06-30
1625097600000,35171.486304850056,2021-07-01
1625184000000,33677.566235922626,2021-07-02
1625270400000,33950.786555181,2021-07-03
1625356800000,34729.89077801021,2021-07-04
1625443200000,35394.213074080915,2021-07-05
1625529600000,33928.13421837147,2021-07-06
1625616000000,34149.98981477412,2021-07-07
1625702400000,33932.25463831538,2021-07-08
1625788800000,32933.578199292395,2021-07-09
1625875200000,33971.297749757956,2021-07-10
1625961600000,33704.53847440508,2021-07-11
1626048000000,34299.938016517444,2021-07-12
1626134400000,33262.6543524462,2021-07-13
1626220800000,32676.38380096018,2021-07-14
1626307200000,32878.50187357147,2021-07-15
1626393600000,31726.038833909817,2021-07-16
1626480000000,31399.653128682126,2021-07-17
1626566400000,31588.6713510167,2021-07-18
1626652800000,31919.393922554555,2021-07-19
1626739200000,30928.211908849244,2021-07-20
1626825600000,29971.903783612062,2021-07-21
1626912000000,32383.78112696872,2021-07-22
1626998400000,32409.499767175417,2021-07-23
1627084800000,33455.55127272261,2021-07-24
1627171200000,34213.59993217662,2021-07-25
1627257600000,35456.124660766836,2021-07-26
1627344000000,37281.91809217662,2021-07-27
1627430400000,39076.59377063225,2021-07-28
1627516800000,40031.19824444798,2021-07-29
1627603200000,39977.75693922764,2021-07-30
1627689600000,41936.261478677225,2021-07-31
1627776000000,41754.16660435275,2021-08-01
1627862400000,39914.82975848789,2021-08-02
1627948800000,39278.766508103676,2021-08-03
1628035200000,38368.35401197897,2021-08-04
1628121600000,39751.58457509862,2021-08-05
1628208000000,40825.381940449704,2021-08-06
1628294400000,42802.13717474142,2021-08-07
1628380800000,44647.57760300116,2021-08-08
1628467200000,43753.217862646314,2021-08-09
1628553600000,46311.00189857689,2021-08-10
1628640000000,45639.51401890709,2021-08-11
1628726400000,45652.06012506926,2021-08-12
1628812800000,44495.20979327958,2021-08-13
1628899200000,47717.27052766495,2021-08-14
1628985600000,47088.85313451467,2021-08-15
1629072000000,47025.00323011282,2021-08-16
1629158400000,46031.75754362583,2021-08-17
1629244800000,44534.454854219905,2021-08-18
1629331200000,45015.46554608543,2021-08-19
1629417600000,46745.03462296988,2021-08-20
1629504000000,49195.87860189616,2021-08-21
1629590400000,48933.689151311635,2021-08-22
1629676800000,49250.54486971799,2021-08-23
1629763200000,49518.57748790696,2021-08-24
1629849600000,47940.6079149608,2021-08-25
1629936000000,49002.70376627545,2021-08-26
1630022400000,47229.070650876114,2021-08-27
1630108800000,49083.10330586219,2021-08-28
1630195200000,48936.537254142204,2021-08-29
1630281600000,48907.27073106221,2021-08-30
1630368000000,47124.25422469402,2021-08-31
1630454400000,47335.42029920565,2021-09-01
1630540800000,48823.05520964915,2021-09-02
1630627200000,49338.78465183332,2021-09-03
1630713600000,49934.5282762881,2021-09-04
1630800000000,50013.02994694588,2021-09-05
1630886400000,51696.206431317885,2021-09-06
1630972800000,52739.800166345514,2021-09-07
1631059200000,46995.16417095979,2021-09-08
1631145600000,46085.02861578186,2021-09-09
1631232000000,46518.94118660236,2021-09-10
1631318400000,44802.60640249699,2021-09-11
1631404800000,45196.488277558245,2021-09-12
1631491200000,46195.21830082935,2021-09-13
1631577600000,45139.83396873267,2021-09-14
1631664000000,47135.43199562694,2021-09-15
1631750400000,48186.53275704722,2021-09-16
1631836800000,47879.47343992101,2021-09-17
1631923200000,47228.65821623257,2021-09-18
1632009600000,48266.62707279063,2021-09-19
1632096000000,47371.03933236471,2021-09-20
1632182400000,42932.94659595412,2021-09-21
1632268800000,40386.62363528928,2021-09-22
1632355200000,43587.22305058473,2021-09-23
1632441600000,44980.898214810935,2021-09-24
1632528000000,42752.1681545072,2021-09-25
1632614400000,42856.855164224515,2021-09-26
1632700800000,43336.861233242744,2021-09-27
1632787200000,42247.355729006355,2021-09-28
1632873600000,41010.37519836549,2021-09-29
1632960000000,41587.66786232295,2021-09-30
1633046400000,43859.32614724109,2021-10-01
1633132800000,48181.87627260008,2021-10-02
1633219200000,47777.762019063,2021-10-03
1633305600000,48282.97113857447,2021-10-04
1633392000000,49260.232321130694,2021-10-05
1633478400000,51668.99422435564,2021-10-06
1633564800000,55415.00574202895,2021-10-07
1633651200000,53894.59599452107,2021-10-08
1633737600000,54010.93747374405,2021-10-09
1633824000000,55125.460337680444,2021-10-10
1633910400000,54711.86959664297,2021-10-11
1633996800000,57572.510855596534,2021-10-12
1634083200000,56335.035460511535,2021-10-13
1634169600000,57487.985880422195,2021-10-14
1634256000000,57452.43178503547,2021-10-15
1634342400000,61809.02394427028,2021-10-16
1634428800000,61165.63564211521,2021-10-17
1634515200000,61583.77443961336,2021-10-18
1634601600000,62017.972725178704,2021-10-19
1634688000000,64517.64856042277,2021-10-20
1634774400000,66237.51755029388,2021-10-21
1634860800000,62541.08693293518,2021-10-22
1634947200000,61029.27093182092,2021-10-23
1635033600000,61572.14043422243,2021-10-24
1635120000000,61173.1663907232,2021-10-25
1635206400000,63228.21382584213,2021-10-26
1635292800000,60604.18888794746,2021-10-27
1635379200000,58641.00147419492,2021-10-28
1635465600000,60767.55585206728,2021-10-29
1635552000000,62283.19805587354,2021-10-30
1635638400000,61837.257002978935,2021-10-31
1635724800000,61471.86846276259,2021-11-01
1635811200000,61121.83120106507,2021-11-02
1635897600000,63247.20896127831,2021-11-03
1635984000000,63130.94235171542,2021-11-04
1636070400000,61601.74357204975,2021-11-05
1636156800000,61247.38494217787,2021-11-06
1636243200000,61661.35866372036,2021-11-07
1636329600000,63153.230193019495,2021-11-08
1636416000000,67617.0155448617,2021-11-09
1636502400000,67145.37493537061,2021-11-10
1636588800000,65061.05440696283,2021-11-11
1636675200000,65005.64515956679,2021-11-12
1636761600000,64432.04794734522,2021-11-13
1636848000000,64660.33535267343,2021-11-14
1636934400000,65648.97779110243,2021-11-15
1637020800000,63933.835442599324,2021-11-16
1637107200000,60448.56251258625,2021-11-17
1637193600000,60603.65586738653,2021-11-18
1637280000000,56987.32233855049,2021-11-19
1637366400000,58459.25551667463,2021-11-20
1637452800000,60082.91166841709,2021-11-21
1637539200000,59139.779279527174,2021-11-22
1637625600000,56386.856853152145,2021-11-23
1637712000000,57748.79317378856,2021-11-24
1637798400000,57198.18384629529,2021-11-25
1637884800000,58897.84698299794,2021-11-26
1637971200000,53827.792865034724,2021-11-27
1638057600000,54533.40388242691,2021-11-28
1638144000000,57237.66113709043,2021-11-29
1638230400000,57848.77353712989,2021-11-30
1638316800000,57011.28047424234,2021-12-01
1638403200000,57169.37199381056,2021-12-02
1638489600000,56508.26805402271,2021-12-03
1638576000000,53785.96717237922,2021-12-04
1638662400000,49161.99070957517,2021-12-05
1638748800000,49268.46989053938,2021-12-06
1638835200000,50461.57683653979,2021-12-07
1638921600000,50647.66340635755,2021-12-08
1639008000000,50530.4580645934,2021-12-09
1639094400000,47885.871989417064,2021-12-10
1639180800000,47303.56415217411,2021-12-11
1639267200000,49242.302324071476,2021-12-12
1639353600000,50051.078348674855,2021-12-13
1639440000000,46696.30469946678,2021-12-14
1639526400000,48410.564656309325,2021-12-15
1639612800000,48936.86258244155,2021-12-16
1639699200000,47694.530502251764,2021-12-17
1639785600000,46328.6963654447,2021-12-18
1639872000000,46970.057050727024,2021-12-19
1639958400000,46807.04861642627,2021-12-20
1640044800000,47117.008204210455,2021-12-21
1640131200000,49145.21725849885,2021-12-22
1640217600000,48755.89564404483,2021-12-23
1640304000000,50900.61494951601,2021-12-24
1640390400000,50888.72103678683,2021-12-25
1640476800000,50663.48710213215,2021-12-26
1640563200000,50852.860259540656,2021-12-27
1640649600000,50774.067814743,2021-12-28
1640736000000,47725.14804631933,2021-12-29
1640822400000,46506.99464767938,2021-12-30
1640908800000,47191.86838983951,2021-12-31
1640995200000,46319.65108805251,2022-01-01
1641081600000,47816.07767640849,2022-01-02
1641168000000,47387.212167697246,2022-01-03
1641254400000,46531.140860530526,2022-01-04
1641340800000,45938.02427172366,2022-01-05
1641427200000,43647.147508068054,2022-01-06
1641513600000,43216.45867693359,2022-01-07
1641600000000,41527.197042644846,2022-01-08
1641686400000,41756.66232397826,2022-01-09
1641772800000,41862.3609856517,2022-01-10
1641859200000,41869.85905559219,2022-01-11
1641945600000,42777.211020482355,2022-01-12
1642032000000,43981.87732717414,2022-01-13
1642118400000,42608.41001195019,2022-01-14
1642204800000,43120.85451108056,2022-01-15
1642291200000,43226.65026980921,2022-01-16
1642377600000,43119.79214308028,2022-01-17
1642464000000,42298.341116872325,2022-01-18
1642550400000,42395.45879157343,2022-01-19
1642636800000,41749.55143098559,2022-01-20
1642723200000,40707.6824143097,2022-01-21
1642809600000,36508.799789830824,2022-01-22
1642896000000,35180.435462830384,2022-01-23
1642982400000,36306.409440464704,2022-01-24
1643068800000,36774.00714224005,2022-01-25
1643155200000,36988.928510667356,2022-01-26
1643241600000,36870.440166930995,2022-01-27
1643328000000,37276.839558174994,2022-01-28
1643414400000,37852.57902803263,2022-01-29
1643500800000,38232.17873217708,2022-01-30
1643587200000,37983.151499406464,2022-01-31
1643673600000,38555.53446121157,2022-02-01
1643760000000,38835.69494322237,2022-02-02
1643846400000,37000.98249864199,2022-02-03
1643932800000,37101.351593780935,2022-02-04
1644019200000,41673.8395543094,2022-02-05
1644105600000,41493.690050910525,2022-02-06
1644192000000,42475.543220951215,2022-02-07
1644278400000,43910.929986443094,2022-02-08
1644364800000,44184.447511676175,2022-02-09
1644451200000,44383.88805541707,2022-02-10
1644537600000,43628.13953235228,2022-02-11
1644624000000,42445.38876793804,2022-02-12
1644710400000,42254.738123237206,2022-02-13
1644796800000,42247.83595326771,2022-02-14
1644883200000,42634.573783663065,2022-02-15
1644969600000,44574.32057099816,2022-02-16
1645056000000,44063.28198279571,2022-02-17
1645142400000,40562.98694982819,2022-02-18
1645228800000,40073.495362369824,2022-02-19
1645315200000,40192.75912143141,2022-02-20
1645401600000,38514.00853622455,2022-02-21
1645488000000,37059.979402287514,2022-02-22
1645574400000,38337.2038554348,2022-02-23
1645660800000,37372.2926803477,2022-02-24
1645747200000,38363.345488570165,2022-02-25
1645833600000,39316.16207578596,2022-02-26
1645920000000,39090.202153609054,2022-02-27
1646006400000,37803.59016044929,2022-02-28
1646092800000,43225.404677435734,2022-03-01
1646179200000,44459.59162774341,2022-03-02
1646265600000,43980.707382090906,2022-03-03
1646352000000,42491.97839335905,2022-03-04
1646438400000,39200.29973557414,2022-03-05
1646524800000,39463.14681149058,2022-03-06
1646611200000,38442.99174588676,2022-03-07
1646697600000,38076.49382252028,2022-03-08
1646784000000,38732.93701302586,2022-03-09
1646870400000,41986.03444607623,2022-03-10
1646956800000,39468.35477300189,2022-03-11
1647043200000,38775.17558840679,2022-03-12
1647129600000,38903.69354800599,2022-03-13
1647216000000,37852.52514106289,2022-03-14
1647302400000,39669.423812004505,2022-03-15
1647388800000,39331.84654059453,2022-03-16
1647475200000,41165.63506140341,2022-03-17
1647561600000,41001.70957801974,2022-03-18
1647648000000,41837.41313797566,2022-03-19
1647734400000,42201.939920688186,2022-03-20
1647820800000,41283.25900104565,2022-03-21
1647907200000,41061.81589384987,2022-03-22
1647993600000,42401.895597489434,2022-03-23
1648080000000,42802.15471016985,2022-03-24
1648166400000,43936.09623454058,2022-03-25
1648252800000,44331.77795706412,2022-03-26
1648339200000,44510.84421762133,2022-03-27
1648425600000,46715.1176185105,2022-03-28
1648512000000,46994.879118357465,2022-03-29
1648598400000,47459.261237539096,2022-03-30
1648684800000,47063.36584996355,2022-03-31
1648771200000,45528.40715313835,2022-04-01
1648857600000,46270.20070585378,2022-04-02
1648944000000,45842.14476317382,2022-04-03
1649030400000,46434.562982661664,2022-04-04
1649116800000,46622.63571309101,2022-04-05
1649203200000,45635.45438126673,2022-04-06
1649289600000,43198.77526936491,2022-04-07
1649376000000,43515.15032279806,2022-04-08
1649462400000,42315.70972421807,2022-04-09
1649548800000,42796.39747810973,2022-04-10
1649635200000,42274.907370256085,2022-04-11
1649721600000,39603.965159284155,2022-04-12
1649808000000,40205.67794073206,2022-04-13
1649894400000,41205.16871904067,2022-04-14
1649980800000,39959.457069033735,2022-04-15
1650067200000,40586.59730938673,2022-04-16
1650153600000,40450.37930543977,2022-04-17
1650240000000,39739.11925622209,2022-04-18
1650326400000,40833.5379650337,2022-04-19
1650412800000,41498.12244669832,2022-04-20
1650499200000,41397.220477279625,2022-04-21
1650585600000,40528.54148675958,2022-04-22
1650672000000,39756.848993471016,2022-04-23
1650758400000,39561.78019075613,2022-04-24
1650844800000,39469.04986198146,2022-04-25
1650931200000,40488.877917622376,2022-04-26
1651017600000,38134.21545068938,2022-04-27
1651104000000,39237.94931747103,2022-04-28
1651190400000,39741.766645809636,2022-04-29
1651276800000,38650.55013809267,2022-04-30
1651363200000,37820.61176529208,2022-05-01
1651449600000,38537.65476669535,2022-05-02
1651536000000,38561.56539902362,2022-05-03
1651622400000,37758.496107734,2022-05-04
1651708800000,39699.02404125388,2022-05-05
1651795200000,36612.229548803036,2022-05-06
1651881600000,36116.394294982965,2022-05-07
1651968000000,35573.31019883488,2022-05-08
1652054400000,34070.31219757961,2022-05-09
1652140800000,30269.586956629482,2022-05-10
1652227200000,31026.93386836242,2022-05-11
1652313600000,28913.48836365432,2022-05-12
1652400000000,29126.11597686014,2022-05-13
1652486400000,29310.728959858257,2022-05-14
1652572800000,30189.333177005963,2022-05-15
1652659200000,31319.309111130002,2022-05-16
1652745600000,29923.606993639707,2022-05-17
1652832000000,30502.19328027689,2022-05-18
1652918400000,28772.200501112577,2022-05-19
1653004800000,30382.40624219559,2022-05-20
1653091200000,29256.813374416255,2022-05-21
1653177600000,29491.507947760598,2022-05-22
1653264000000,30351.050417138096,2022-05-23
1653350400000,29163.167775739188,2022-05-24
1653436800000,29655.02613175249,2022-05-25
1653523200000,29584.949851985926,2022-05-26
1653609600000,29346.781442431617,2022-05-27
1653696000000,28646.65218193245,2022-05-28
1653782400000,29088.236452817226,2022-05-29
1653868800000,29492.503214953642,2022-05-30
1653955200000,31740.94072516695,2022-05-31
1654041600000,31865.749621173167,2022-06-01
1654128000000,29833.450330205254,2022-06-02
1654214400000,30481.013996026013,2022-06-03
1654300800000,29714.143487149733,2022-06-04
1654387200000,29872.3603087139,2022-06-05
1654473600000,29917.764052456198,2022-06-06
1654560000000,31372.5847629755,2022-06-07
1654646400000,31265.469277693348,2022-06-08
1654732800000,30229.236836130378,2022-06-09
1654819200000,30101.187521431468,2022-06-10
1654905600000,29101.2982596468,2022-06-11
1654992000000,28374.14499732395,2022-06-12
1655078400000,26767.269173221313,2022-06-13
1655164800000,22525.768350391198,2022-06-14
1655251200000,22244.848968001315,2022-06-15
1655337600000,22529.198114649807,2022-06-16
1655424000000,20408.690490591813,2022-06-17
1655510400000,20473.05288079512,2022-06-18
1655596800000,19047.41782828195,2022-06-19
1655683200000,20516.41197977524,2022-06-20
1655769600000,20636.75891240637,2022-06-21
1655856000000,20700.923933039136,2022-06-22
1655942400000,19983.566482863105,2022-06-23
1656028800000,21100.270533511088,2022-06-24
1656115200000,21262.71348295613,2022-06-25
1656201600000,21525.88036221139,2022-06-26
1656288000000,21052.80539783573,2022-06-27
1656374400000,20751.477530790766,2022-06-28
1656460800000,20282.542479269694,2022-06-29
1656547200000,20108.529472889782,2022-06-30
1656633600000,19608.397493423083,2022-07-01
1656720000000,19407.447430262473,2022-07-02
1656806400000,19268.227002666128,2022-07-03
1656892800000,19310.233218521833,2022-07-04
1656979200000,20257.012328592882,2022-07-05
1657065600000,20188.779663973284,2022-07-06
1657152000000,20566.68722377,2022-07-07
1657238400000,21660.596837075183,2022-07-08
1657324800000,21858.818749217564,2022-07-09
1657411200000,21589.628101459668,2022-07-10
1657497600000,20859.81407965063,2022-07-11
1657584000000,19998.467839575842,2022-07-12
1657670400000,19350.73735007727,2022-07-13
1657756800000,20225.23866433186,2022-07-14
1657843200000,20574.84059150044,2022-07-15
1657929600000,20794.811981436706,2022-07-16
1658016000000,21193.08334336837,2022-07-17
1658102400000,20824.36275165164,2022-07-18
1658188800000,22395.365383103952,2022-07-19
1658275200000,23366.90769792785,2022-07-20
1658361600000,23313.296731959555,2022-07-21
1658448000000,23155.207555248304,2022-07-22
1658534400000,22696.902754290055,2022-07-23
1658620800000,22506.199573628986,2022-07-24
1658707200000,22613.719208248454,2022-07-25
1658793600000,21330.295450788173,2022-07-26
1658880000000,21235.612316085775,2022-07-27
1658966400000,22908.884260468687,2022-07-28
1659052800000,23822.067597823116,2022-07-29
1659139200000,23847.58331873861,2022-07-30
1659225600000,23653.459549430798,2022-07-31
1659312000000,23379.70052509082,2022-08-01
1659398400000,23333.749243312184,2022-08-02
1659484800000,23053.846847482677,2022-08-03
1659571200000,22860.42098438317,2022-08-04
1659657600000,22678.363633874185,2022-08-05
1659744000000,23225.036201942938,2022-08-06
1659830400000,22984.57953144855,2022-08-07
1659916800000,23197.603469525384,2022-08-08
1660003200000,23823.679442453606,2022-08-09
1660089600000,23203.680696781623,2022-08-10
1660176000000,23948.829553271633,2022-08-11
1660262400000,23948.75170368143,2022-08-12
1660348800000,24411.379871522615,2022-08-13
1660435200000,24433.653747243658,2022-08-14
1660521600000,24312.541424891562,2022-08-15
1660608000000,24179.014652309197,2022-08-16
1660694400000,23913.333725628458,2022-08-17
1660780800000,23359.418837070007,2022-08-18
1660867200000,23248.38422819264,2022-08-19
1660953600000,20945.8339660496,2022-08-20
1661040000000,21175.232732989512,2022-08-21
1661126400000,21615.761693416986,2022-08-22
1661212800000,21387.747114773963,2022-08-23
1661299200000,21562.45153991356,2022-08-24
1661385600000,21395.45846975991,2022-08-25
1661472000000,21618.009019176647,2022-08-26
1661558400000,20271.322951706014,2022-08-27
1661644800000,20069.953331596196,2022-08-28
1661731200000,19659.24670619362,2022-08-29
1661817600000,20308.861447891457,2022-08-30
1661904000000,19805.35069885804,2022-08-31
1661990400000,20023.55444491251,2022-09-01
1662076800000,20153.975977982507,2022-09-02
1662163200000,19941.451370047158,2022-09-03
1662249600000,19814.5642451146,2022-09-04
1662336000000,19980.013222242276,2022-09-05
1662422400000,19785.73350185514,2022-09-06
1662508800000,18859.500087680277,2022-09-07
1662595200000,19280.62547645678,2022-09-08
1662681600000,19322.77774937157,2022-09-09
1662768000000,21359.58252557909,2022-09-10
1662854400000,21707.38731931814,2022-09-11
1662940800000,21739.80437979554,2022-09-12
1663027200000,22339.67050262336,2022-09-13
1663113600000,20184.96749189655,2022-09-14
1663200000000,20255.922978327133,2022-09-15
1663286400000,19702.169889811717,2022-09-16
1663372800000,19764.411712043777,2022-09-17
1663459200000,20131.675305714027,2022-09-18
1663545600000,19437.157867982634,2022-09-19
1663632000000,19570.386709523507,2022-09-20
1663718400000,18869.928809390534,2022-09-21
1663804800000,18539.63523831258,2022-09-22
1663891200000,19464.322663348466,2022-09-23
1663977600000,19291.904802452067,2022-09-24
1664064000000,18939.970580499372,2022-09-25
1664150400000,18809.41143933244,2022-09-26
1664236800000,19219.727780656474,2022-09-27
1664323200000,19116.331160710437,2022-09-28
1664409600000,19444.787771362975,2022-09-29
1664496000000,19563.765161776904,2022-09-30
1664582400000,19476.92659600407,2022-10-01
1664668800000,19314.463835217448,2022-10-02
1664755200000,19065.153837148988,2022-10-03
1664841600000,19620.567543591394,2022-10-04
1664928000000,20345.398520106643,2022-10-05
1665014400000,20161.830614985047,2022-10-06
1665100800000,19949.051041418512,2022-10-07
1665187200000,19457.308951251147,2022-10-08
1665273600000,19418.037989243952,2022-10-09
1665360000000,19448.14900175761,2022-10-10
1665446400000,19142.694767392895,2022-10-11
1665532800000,19058.628039738272,2022-10-12
1665619200000,19153.039779986986,2022-10-13
1665705600000,19383.9432200889,2022-10-14
1665792000000,19198.107144951755,2022-10-15
1665878400000,19072.780513358884,2022-10-16
1665964800000,19272.921847772006,2022-10-17
1666051200000,19557.895548868444,2022-10-18
1666137600000,19348.029368810374,2022-10-19
1666224000000,19134.242664465204,2022-10-20
1666310400000,19031.15987195947,2022-10-21
1666396800000,19173.28046885863,2022-10-22
1666483200000,19203.86547117714,2022-10-23
1666569600000,19574.824231840797,2022-10-24
1666656000000,19316.94062294213,2022-10-25
1666742400000,20095.152230674925,2022-10-26
1666828800000,20774.247496426033,2022-10-27
1666915200000,20278.36623205219,2022-10-28
1667001600000,20591.241208098614,2022-10-29
1667088000000,20800.70708772471,2022-10-30
1667174400000,20623.871497040946,2022-10-31
1667260800000,20494.60120983709,2022-11-01
1667347200000,20489.646203160763,2022-11-02
1667433600000,20162.980904822525,2022-11-03
1667520000000,20210.912417111318,2022-11-04
1667606400000,21150.315583912397,2022-11-05
1667692800000,21282.985109422694,2022-11-06
1667779200000,20906.99792695512,2022-11-07
1667865600000,20597.755017060834,2022-11-08
1667952000000,18562.353215089643,2022-11-09
1668038400000,15742.444335961438,2022-11-10
1668124800000,17594.923500278233,2022-11-11
1668211200000,17080.215260565037,2022-11-12
1668297600000,16797.98748257006,2022-11-13
1668384000000,16344.342316001042,2022-11-14
1668470400000,16645.828500283515,2022-11-15
1668556800000,16890.52938386464,2022-11-16
1668643200000,16689.39673273771,2022-11-17
1668729600000,16718.361228055077,2022-11-18
1668816000000,16707.022778986535,2022-11-19
1668902400000,16712.729525794817,2022-11-20
1668988800000,16304.07685562355,2022-11-21
1669075200000,15814.335280855257,2022-11-22
1669161600000,16171.628978315088,2022-11-23
1669248000000,16608.00998544357,2022-11-24
1669334400000,16596.03575847268,2022-11-25
1669420800000,16524.449007720887,2022-11-26
1669507200000,16456.156062496684,2022-11-27
1669593600000,16459.149543755877,2022-11-28
1669680000000,16222.210728731225,2022-11-29
1669766400000,16441.979978419113,2022-11-30
1669852800000,17186.502572066118,2022-12-01
1669939200000,16972.73406077455,2022-12-02
1670025600000,17084.87334047068,2022-12-03
1670112000000,16923.38287008033,2022-12-04
1670198400000,17149.93175096291,2022-12-05
1670284800000,16973.372577553495,2022-12-06
1670371200000,17085.64314125141,2022-12-07
1670457600000,16851.30346863184,2022-12-08
1670544000000,17235.014157992136,2022-12-09
1670630400000,17149.824203925327,2022-12-10
1670716800000,17125.364927688952,2022-12-11
1670803200000,17101.038019732932,2022-12-12
1670889600000,17179.596038203494,2022-12-13
1670976000000,17784.162894053265,2022-12-14
1671062400000,17808.71617265881,2022-12-15
1671148800000,17338.358126632633,2022-12-16
1671235200000,16623.75782614431,2022-12-17
1671321600000,16806.48559206152,2022-12-18
1671408000000,16742.816663834055,2022-12-19
1671494400000,16422.562273279298,2022-12-20
1671580800000,16899.331969046758,2022-12-21
1671667200000,16816.85370118997,2022-12-22
1671753600000,16824.790162441503,2022-12-23
1671840000000,16791.45543916491,2022-12-24
1671926400000,16848.568708323422,2022-12-25
1672012800000,16842.177039905502,2022-12-26
1672099200000,16900.081871938084,2022-12-27
1672185600000,16701.840210667935,2022-12-28
1672272000000,16538.906094001977,2022-12-29
1672358400000,16644.379087037905,2022-12-30
1672444800000,16604.020520373393,2022-12-31
1672531200000,16540.693624776803,2023-01-01
1672617600000,16615.969318012816,2023-01-02
1672704000000,16674.342536301097,2023-01-03
1672790400000,16677.646185850346,2023-01-04
1672876800000,16855.1747387671,2023-01-05
1672963200000,16832.098988497855,2023-01-06
1673049600000,16960.23206247515,2023-01-07
1673136000000,16950.861521853905,2023-01-08
1673222400000,17074.61539572674,2023-01-09
1673308800000,17194.90932945318,2023-01-10
1673395200000,17436.90232978116,2023-01-11
1673481600000,17996.832553741606,2023-01-12
1673568000000,18866.810330617045,2023-01-13
1673654400000,19941.780543296303,2023-01-14
1673740800000,21019.20661402266,2023-01-15
1673827200000,20853.230569490253,2023-01-16
1673913600000,21175.33773662521,2023-01-17
1674000000000,21156.78393116713,2023-01-18
1674086400000,20726.844969426445,2023-01-19
1674172800000,21081.671022204326,2023-01-20
1674259200000,22705.83367889906,2023-01-21
1674345600000,22771.023287021784,2023-01-22
1674432000000,22736.66142892971,2023-01-23
1674518400000,22984.87497643721,2023-01-24
1674604800000,22610.010598272846,2023-01-25
1674691200000,23180.422697874263,2023-01-26
1674777600000,23024.74618081709,2023-01-27
1674864000000,23082.858382122955,2023-01-28
1674950400000,23022.23299135344,2023-01-29
1675036800000,23797.460894881242,2023-01-30
1675123200000,22840.385858797104,2023-01-31
1675209600000,23137.323554088376,2023-02-01
1675296000000,23725.161796142238,2023-02-02
1675382400000,23539.676770196525,2023-02-03
1675468800000,23451.577650774634,2023-02-04
1675555200000,23340.34958553934,2023-02-05
1675641600000,22946.286578591233,2023-02-06
1675728000000,22786.483006387727,2023-02-07
1675814400000,23294.9136483527,2023-02-08
1675900800000,22947.50782856846,2023-02-09
1675987200000,21820.886508092775,2023-02-10
1676073600000,21630.132979576298,2023-02-11
1676160000000,21889.432080049624,2023-02-12
1676246400000,21779.87440384417,2023-02-13
1676332800000,21807.834274723064,2023-02-14
1676419200000,22220.070997481067,2023-02-15
1676505600000,24307.875101631602,2023-02-16
1676592000000,23756.907281577434,2023-02-17
1676678400000,24628.82455217312,2023-02-18
1676764800000,24642.79087073843,2023-02-19
1676851200000,24284.478003714703,2023-02-20
1676937600000,24786.665940845705,2023-02-21
1677024000000,24417.38703630947,2023-02-22
1677110400000,24146.101364545222,2023-02-23
1677196800000,23951.11098423326,2023-02-24
1677283200000,23172.286538018925,2023-02-25
1677369600000,23157.038107459524,2023-02-26
1677456000000,23541.115854493557,2023-02-27
1677542400000,23518.12390627588,2023-02-28
1677628800000,23155.543746825795,2023-03-01
1677715200000,23634.333489123786,2023-03-02
1677801600000,23464.33654185282,2023-03-03
1677888000000,22367.43302246967,2023-03-04
1677974400000,22348.32991538815,2023-03-05
1678060800000,22421.885805853268,2023-03-06
1678147200000,22415.113659694827,2023-03-07
1678233600000,22217.209884905325,2023-03-08
1678320000000,21712.65119391273,2023-03-09
1678406400000,20376.320007428807,2023-03-10
1678492800000,20195.2289502733,2023-03-11
1678579200000,20521.55615175117,2023-03-12
1678665600000,22095.71339833569,2023-03-13
1678752000000,24178.95532797469,2023-03-14
1678838400000,24758.765085827567,2023-03-15
1678924800000,24470.88205445031,2023-03-16
1679011200000,25161.272017520052,2023-03-17
1679097600000,27466.677829829863,2023-03-18
1679184000000,27107.792183504385,2023-03-19
1679270400000,28186.842652360127,2023-03-20
1679356800000,27929.167733140293,2023-03-21
1679443200000,28264.23961052235,2023-03-22
1679529600000,27449.254830807356,2023-03-23
1679616000000,28459.735113552502,2023-03-24
1679702400000,27595.4947483755,2023-03-25
1679788800000,27670.199498496833,2023-03-26
1679875200000,28048.46997853496,2023-03-27
1679961600000,27182.299559950465,2023-03-28
1680048000000,27291.3500210497,2023-03-29
1680134400000,28394.997780199057,2023-03-30
1680220800000,28041.123080088284,2023-03-31
1680307200000,28516.784729688636,2023-04-01
1680393600000,28498.94463304862,2023-04-02
1680480000000,28236.508738939792,2023-04-03
1680566400000,27815.42653124798,2023-04-04
1680652800000,28175.33033421539,2023-04-05
1680739200000,28197.20034124555,2023-04-06
1680825600000,28042.9833864884,2023-04-07
1680912000000,27934.43871284895,2023-04-08
1680998400000,27968.12804705512,2023-04-09
1681084800000,28351.23699385011,2023-04-10
1681171200000,29657.974136873556,2023-04-11
1681257600000,30260.93610940865,2023-04-12
1681344000000,29904.138694718906,2023-04-13
1681430400000,30405.027312781145,2023-04-14
1681516800000,30468.40870059078,2023-04-15
1681603200000,30312.16187965924,2023-04-16
1681689600000,30304.807514785844,2023-04-17
1681776000000,29467.459829260344,2023-04-18
1681862400000,30365.904167541412,2023-04-19
1681948800000,28833.217501221105,2023-04-20
1682035200000,28255.57824866478,2023-04-21
1682121600000,27300.157128515566,2023-04-22
1682208000000,27861.640663476548,2023-04-23
1682294400000,27606.578347653143,2023-04-24
1682380800000,27511.635682161308,2023-04-25
1682467200000,28351.218248373007,2023-04-26
1682553600000,28352.19132059668,2023-04-27
1682640000000,29483.52170499186,2023-04-28
1682726400000,29339.99499754935,2023-04-29
1682812800000,29217.944046809913,2023-04-30
1682899200000,29362.056213625394,2023-05-01
1682985600000,28125.501155636823,2023-05-02
1683072000000,28654.390133326717,2023-05-03
1683158400000,28988.320996249273,2023-05-04
1683244800000,28846.461458608057,2023-05-05
1683331200000,29520.322268970496,2023-05-06
1683417600000,28887.741045523366,2023-05-07
1683504000000,28611.439197614574,2023-05-08
1683590400000,27696.76078562556,2023-05-09
1683676800000,27607.39168091902,2023-05-10
1683763200000,27639.73356593586,2023-05-11
1683849600000,27024.76572929978,2023-05-12
1683936000000,26787.69039591833,2023-05-13
1684022400000,26798.126271474703,2023-05-14
1684108800000,26911.805273213893,2023-05-15
1684195200000,27227.793422558792,2023-05-16
1684281600000,27022.713173921147,2023-05-17
1684368000000,27389.971511442203,2023-05-18
1684454400000,26842.95249471792,2023-05-19
1684540800000,26884.371059589947,2023-05-20
1684627200000,27093.79110149735,2023-05-21
1684713600000,26773.83024366478,2023-05-22
1684800000000,26869.686021790778,2023-05-23
1684886400000,27222.937746603853,2023-05-24
1684972800000,26338.948946998687,2023-05-25
1685059200000,26475.607902534273,2023-05-26
1685145600000,26717.987553571777,2023-05-27
1685232000000,26848.23993959246,2023-05-28
1685318400000,28110.313467609285,2023-05-29
1685404800000,27759.746663920676,2023-05-30
1685491200000,27713.908547529507,2023-05-31
1685577600000,27245.474465179723,2023-06-01
1685664000000,26824.10149951678,2023-06-02
1685750400000,27247.74008145703,2023-06-03
1685836800000,27066.371328526235,2023-06-04
1685923200000,27315.447587487684,2023-06-05
1686009600000,25792.6160902334,2023-06-06
1686096000000,27216.61556469773,2023-06-07
1686182400000,26346.244545137633,2023-06-08
1686268800000,26507.90989220298,2023-06-09
1686355200000,26469.581684007026,2023-06-10
1686441600000,25858.12289218562,2023-06-11
1686528000000,25916.57989637981,2023-06-12
1686614400000,25910.362742919464,2023-06-13
1686700800000,25872.20645879509,2023-06-14
1686787200000,25107.754695880594,2023-06-15
1686873600000,25564.599632887144,2023-06-16
1686960000000,26327.3256694539,2023-06-17
1687046400000,26501.044442233673,2023-06-18
1687132800000,26333.092529664373,2023-06-19
1687219200000,26779.387461522838,2023-06-20
1687305600000,28330.891419807507,2023-06-21
1687392000000,30101.764819488686,2023-06-22
1687478400000,29935.632106749556,2023-06-23
1687564800000,30629.24435333575,2023-06-24
1687651200000,30537.816664634793,2023-06-25
1687737600000,30454.75697441562,2023-06-26
1687824000000,30285.50506407074,2023-06-27
1687910400000,30693.54635606798,2023-06-28
1687996800000,30083.477245263824,2023-06-29
1688083200000,30466.610456893526,2023-06-30
1688169600000,30480.781481944465,2023-07-01
1688256000000,30583.619599697537,2023-07-02
1688342400000,30571.887072871446,2023-07-03
1688428800000,31134.713133508405,2023-07-04
1688515200000,30775.624022375305,2023-07-05
1688601600000,30484.79377442352,2023-07-06
1688688000000,29990.055151220247,2023-07-07
1688774400000,30315.26540235163,2023-07-08
1688860800000,30264.19734525722,2023-07-09
1688947200000,30169.87065747925,2023-07-10
1689033600000,30394.28114637557,2023-07-11
1689120000000,30620.81424697801,2023-07-12
1689206400000,30407.41631435991,2023-07-13
1689292800000,31446.0149710716,2023-07-14
1689379200000,30311.827808130518,2023-07-15
1689465600000,30297.971400125534,2023-07-16
1689552000000,30237.334785146097,2023-07-17
1689638400000,30147.860079211525,2023-07-18
1689724800000,29848.03227250528,2023-07-19
1689811200000,29919.87483825516,2023-07-20
1689897600000,29787.041530355687,2023-07-21
1689984000000,29914.68272835899,2023-07-22
1690070400000,29710.155935991766,2023-07-23
1690156800000,30057.956718714588,2023-07-24
1690243200000,29184.901913057693,2023-07-25
1690329600000,29222.974630383527,2023-07-26
1690416000000,29363.672907978616,2023-07-27
1690502400000,29200.244001291314,2023-07-28
1690588800000,29314.09738709836,2023-07-29
1690675200000,29356.74774591667,2023-07-30
1690761600000,29277.755810272716,2023-07-31
1690848000000,29233.136365580438,2023-08-01
1690934400000,29537.109746927432,2023-08-02
1691020800000,29146.63627084363,2023-08-03
1691107200000,29176.15059658541,2023-08-04
1691193600000,29087.938086007627,2023-08-05
1691280000000,29046.800457023197,2023-08-06
1691366400000,29044.204375577556,2023-08-07
1691452800000,29178.147751873083,2023-08-08
1691539200000,29779.56167125089,2023-08-09
1691625600000,29585.48807737921,2023-08-10
1691712000000,29423.81891597763,2023-08-11
1691798400000,29396.8479714205,2023-08-12
1691884800000,29412.142274584105,2023-08-13
1691971200000,29284.96971374381,2023-08-14
1692057600000,29400.58680419105,2023-08-15
1692144000000,29170.490397060614,2023-08-16
1692230400000,28754.197021112574,2023-08-17
1692316800000,26501.58726991974,2023-08-18
1692403200000,26042.838256848998,2023-08-19
1692489600000,26104.778630797897,2023-08-20
1692576000000,26160.700419818215,2023-08-21
1692662400000,26119.005958595222,2023-08-22
1692748800000,26033.675406585844,2023-08-23
1692835200000,26450.00862461353,2023-08-24
1692921600000,26134.934254516003,2023-08-25
1693008000000,26044.036209289134,2023-08-26
1693094400000,26002.015717319366,2023-08-27
1693180800000,26082.717178218525,2023-08-28
1693267200000,26109.2698239287,2023-08-29
1693353600000,27730.50373550554,2023-08-30
1693440000000,27297.261438480404,2023-08-31
1693526400000,25927.417005779287,2023-09-01
1693612800000,25812.33049442542,2023-09-02
1693699200000,25853.65684277757,2023-09-03
1693785600000,25959.596311463454,2023-09-04
1693872000000,25829.364772941324,2023-09-05
1693958400000,25784.41351983038,2023-09-06
1694044800000,25752.958418589413,2023-09-07
1694131200000,26192.333433090567,2023-09-08
1694217600000,25907.228137249735,2023-09-09
1694304000000,25889.3250094629,2023-09-10
1694390400000,25834.580098562914,2023-09-11
1694476800000,25133.303106566527,2023-09-12
1694563200000,25866.806663158084,2023-09-13
1694649600000,26223.436075660946,2023-09-14
1694736000000,26531.39556626326,2023-09-15
1694822400000,26634.631025000588,2023-09-16
1694908800000,26557.768691994646,2023-09-17
1694995200000,26520.988254783886,2023-09-18
1695081600000,26741.461110948952,2023-09-19
1695168000000,27219.296874634216,2023-09-20
1695254400000,27115.846446970816,2023-09-21
1695340800000,26561.133454198716,2023-09-22
1695427200000,26572.0381115526,2023-09-23
1695513600000,26573.9234797301,2023-09-24
1695600000000,26249.562897845204,2023-09-25
1695686400000,26298.634678281232,2023-09-26
1695772800000,26204.75759083597,2023-09-27
1695859200000,26350.146895428057,2023-09-28
1695945600000,27009.01375072488,2023-09-29
1696032000000,26917.199101637976,2023-09-30
1696118400000,26969.876144072576,2023-10-01
1696204800000,27967.510579087113,2023-10-02
1696291200000,27615.06488509527,2023-10-03
1696377600000,27439.121946705116,2023-10-04
1696464000000,27792.1112772493,2023-10-05
1696550400000,27435.874615135104,2023-10-06
1696636800000,27958.196437350485,2023-10-07
1696723200000,27977.543490700005,2023-10-08
1696809600000,27948.10365174851,2023-10-09
1696896000000,27593.782534439666,2023-10-10
1696982400000,27392.247702732497,2023-10-11
1697068800000,26842.190439092396,2023-10-12
1697155200000,26729.137205815106,2023-10-13
1697241600000,26841.136220644406,2023-10-14
1697328000000,26863.183569079916,2023-10-15
1697414400000,27150.29700140705,2023-10-16
1697500800000,28513.30993247735,2023-10-17
1697587200000,28417.72175169982,2023-10-18
1697673600000,28328.245198134824,2023-10-19
1697760000000,28715.748142407952,2023-10-20
1697846400000,29677.392888476206,2023-10-21
1697932800000,29920.07449265145,2023-10-22
1698019200000,30019.38050086351,2023-10-23
1698105600000,32953.262760830985,2023-10-24
1698192000000,33846.72425733224,2023-10-25
1698278400000,34471.986031672015,2023-10-26
1698364800000,34174.451552912586,2023-10-27
1698451200000,33899.09305644032,2023-10-28
1698537600000,34092.630932838576,2023-10-29
1698624000000,34556.242814761616,2023-10-30
1698710400000,34498.70391946407,2023-10-31
1698796800000,34672.2892841885,2023-11-01
1698883200000,35457.45491210553,2023-11-02
1698969600000,34924.05545044328,2023-11-03
1699056000000,34731.38136896784,2023-11-04
1699142400000,35048.407834901074,2023-11-05
1699228800000,35061.92874919579,2023-11-06
1699315200000,35031.26888208706,2023-11-07
1699401600000,35436.53762957962,2023-11-08
1699488000000,35795.080630710196,2023-11-09
1699574400000,36768.42081912672,2023-11-10
1699660800000,37344.249000720345,2023-11-11
1699747200000,37122.722824306555,2023-11-12
1699833600000,37067.69698212008,2023-11-13
1699920000000,36549.16204829837,2023-11-14
1700006400000,35545.201433454065,2023-11-15
1700092800000,37903.66245166294,2023-11-16
1700179200000,36201.51611146142,2023-11-17
1700265600000,36527.76022530742,2023-11-18
1700352000000,36582.36844192274,2023-11-19
1700438400000,37413.99460790531,2023-11-20
1700524800000,37489.298470802016,2023-11-21
1700611200000,35965.36036068078,2023-11-22
1700697600000,37464.83293220907,2023-11-23
1700784000000,37293.316127426726,2023-11-24
1700870400000,37738.93169747125,2023-11-25
1700956800000,37809.85286625321,2023-11-26
1701043200000,37491.838186008135,2023-11-27
1701129600000,37250.16905148115,2023-11-28
1701216000000,37802.23604377473,2023-11-29
1701302400000,37810.34641654128,2023-11-30
1701388800000,37711.81837585267,2023-12-01
1701475200000,38688.25874179069,2023-12-02
1701561600000,39481.666416062864,2023-12-03
1701648000000,39960.275420410515,2023-12-04
1701734400000,41974.331772543344,2023-12-05
1701820800000,44105.94477259938,2023-12-06
1701907200000,43788.28880825234,2023-12-07
1701993600000,43270.11955970747,2023-12-08
1702080000000,44202.17610943621,2023-12-09
1702166400000,43745.49199189547,2023-12-10
1702252800000,43757.959937619176,2023-12-11
1702339200000,41200.96272610168,2023-12-12
1702425600000,41450.819387377436,2023-12-13
1702512000000,42931.76182603245,2023-12-14
1702598400000,43009.5954563739,2023-12-15
1702684800000,41992.01418722399,2023-12-16
1702771200000,42247.06788172229,2023-12-17
1702857600000,41410.819634575855,2023-12-18
1702944000000,42684.182554683386,2023-12-19
1703030400000,42250.206182797505,2023-12-20
1703116800000,43634.1241684964,2023-12-21
1703203200000,43849.69959939619,2023-12-22
1703289600000,44003.6960216438,2023-12-23
1703376000000,43752.03088478376,2023-12-24
1703462400000,43034.971063091514,2023-12-25
1703548800000,43638.236302200916,2023-12-26
1703635200000,42516.426940282516,2023-12-27
1703721600000,43418.46777504291,2023-12-28
1703808000000,42600.65063315619,2023-12-29
1703894400000,42074.70715618848,2023-12-30
1703980800000,42220.61140121376,2023-12-31
1704067200000,42208.202176186474,2024-01-01
1704153600000,44168.68118687473,2024-01-02
1704240000000,44994.67388689237,2024-01-03
1704326400000,42821.558989157995,2024-01-04
1704412800000,44195.57856209971,2024-01-05
1704499200000,44113.69973389081,2024-01-06
1704585600000,43956.12071720152,2024-01-07
1704672000000,43883.74387905174,2024-01-08
1704758400000,46936.185561217506,2024-01-09
1704844800000,46105.94607828697,2024-01-10
1704931200000,46632.31314804979,2024-01-11
1705017600000,46314.355541602694,2024-01-12
1705104000000,42893.92960550481,2024-01-13
1705190400000,42848.47451640749,2024-01-14
1705276800000,41800.93282193406,2024-01-15
1705363200000,42587.336038354406,2024-01-16
1705449600000,43148.00164342693,2024-01-17
1705536000000,42713.859186938986,2024-01-18
1705622400000,41261.39479801012,2024-01-19
1705708800000,41600.94093254464,2024-01-20
1705795200000,41626.10711003664,2024-01-21
1705881600000,41541.89945706261,2024-01-22
1705968000000,39504.73005758438,2024-01-23
1706054400000,39833.45410501688,2024-01-24
1706140800000,40123.67105847147,2024-01-25
1706227200000,39938.28644155878,2024-01-26
1706313600000,41862.9356109399,2024-01-27
1706400000000,42119.61049464309,2024-01-28
1706486400000,42026.57856232145,2024-01-29
1706572800000,43267.60927638767,2024-01-30
1706659200000,42892.03453014447,2024-01-31
1706745600000,42583.26354663417,2024-02-01
1706832000000,43069.043420936796,2024-02-02
1706918400000,43170.65856159975,2024-02-03
1707004800000,42976.84829990829,2024-02-04
1707091200000,42599.35997055978,2024-02-05
1707177600000,42648.45692113544,2024-02-06
1707264000000,43087.78740814285,2024-02-07
1707350400000,44247.415415479314,2024-02-08
1707436800000,45338.271189789484,2024-02-09
1707523200000,47143.24299107112,2024-02-10
1707609600000,47768.995251247936,2024-02-11
1707696000000,48189.88179303987,2024-02-12
1707782400000,50050.13609456397,2024-02-13
1707868800000,49732.14536955351,2024-02-14
1707955200000,51790.16929752642,2024-02-15
1708041600000,51958.23029105492,2024-02-16
1708128000000,52166.43430976192,2024-02-17
1708214400000,51684.51749264525,2024-02-18
1708300800000,52138.48578873693,2024-02-19
1708387200000,51764.313185487765,2024-02-20
1708473600000,52286.79372554667,2024-02-21
1708560000000,51842.75676625642,2024-02-22
1708646400000,51319.500125702674,2024-02-23
1708732800000,50841.081094770896,2024-02-24
1708819200000,51553.096712831146,2024-02-25
1708905600000,51751.884054934555,2024-02-26
1708992000000,54478.191083122954,2024-02-27
1709078400000,57003.52673730811,2024-02-28
1709164800000,62558.58202419311,2024-02-29
1709251200000,61298.216861101624,2024-03-01
1709337600000,62426.64052919186,2024-03-02
1709424000000,62067.86680212177,2024-03-03
1709510400000,63053.10543906421,2024-03-04
1709596800000,68186.64593432152,2024-03-05
1709683200000,64291.536557569496,2024-03-06
1709769600000,66145.91927850846,2024-03-07
1709856000000,66944.87639053575,2024-03-08
1709942400000,68315.25192078314,2024-03-09
1710028800000,68508.0039626159,2024-03-10
1710115200000,69075.66688195744,2024-03-11
1710201600000,72130.55300765681,2024-03-12
1710288000000,71467.17350326062,2024-03-13
1710374400000,73097.76702694128,2024-03-14
1710460800000,71420.03180142345,2024-03-15
1710547200000,69497.7631929463,2024-03-16
1710633600000,65292.31329331289,2024-03-17
1710720000000,68425.41565643054,2024-03-18
1710806400000,67708.94360930806,2024-03-19
1710892800000,62132.51737873437,2024-03-20
1710979200000,67819.05570684028,2024-03-21
1711065600000,65535.97844847657,2024-03-22
1711152000000,63509.04496523133,2024-03-23
1711238400000,64285.80279102199,2024-03-24
1711324800000,67310.98326810106,2024-03-25
1711411200000,69938.94530200244,2024-03-26
1711497600000,70082.05122475982,2024-03-27
1711584000000,69435.75040305211,2024-03-28
1711670400000,70710.19534863312,2024-03-29
1711756800000,69919.05546148612,2024-03-30
1711843200000,69702.3087473573,2024-03-31
1711929600000,71246.95144060145,2024-04-01
1712016000000,69785.92503802372,2024-04-02
1712102400000,65440.41922587159,2024-04-03
1712188800000,66123.938539074,2024-04-04
1712275200000,68542.17715279506,2024-04-05
1712361600000,67978.61023408506,2024-04-06
1712448000000,69000.6499164776,2024-04-07
1712534400000,69401.97360911008,2024-04-08
1712620800000,71624.18486236996,2024-04-09
1712707200000,69158.64381207665,2024-04-10
1712793600000,70527.88997578963,2024-04-11
1712880000000,70106.66413070948,2024-04-12
1712966400000,67252.10504226631,2024-04-13
1713052800000,64404.82548907413,2024-04-14
1713139200000,65752.66004728881,2024-04-15
1713225600000,63430.5714573684,2024-04-16
1713312000000,63720.501587480736,2024-04-17
1713398400000,61328.89798860725,2024-04-18
1713484800000,63461.592695107174,2024-04-19
1713571200000,63988.818471785664,2024-04-20
1713657600000,64894.41869109179,2024-04-21
1713744000000,64936.4207567739,2024-04-22
1713830400000,66841.66685207361,2024-04-23
1713916800000,66406.95244392671,2024-04-24
1714003200000,64279.51812857524,2024-04-25
1714089600000,64486.183359158975,2024-04-26
1714176000000,63802.330049258766,2024-04-27
1714262400000,63517.248743409626,2024-04-28
1714348800000,63030.433616681854,2024-04-29
1714435200000,63797.67963589958,2024-04-30
1714521600000,60749.47209216387,2024-05-01
1714608000000,58297.574075325494,2024-05-02
1714694400000,59135.1733607733,2024-05-03
1714780800000,62839.34073569376,2024-05-04
1714867200000,63820.451902924986,2024-05-05
1714953600000,64010.00865210892,2024-05-06
1715040000000,63172.48129551341,2024-05-07
1715126400000,62363.057191718624,2024-05-08
1715212800000,61215.50400879193,2024-05-09
1715299200000,63148.599943097026,2024-05-10
1715385600000,60888.21674957157,2024-05-11
1715472000000,60776.972079172134,2024-05-12
1715558400000,61507.054004121346,2024-05-13
1715644800000,62878.783300729294,2024-05-14
1715731200000,61569.1130057734,2024-05-15
1715817600000,66220.51831432826,2024-05-16
1715904000000,65260.879803346186,2024-05-17
1715990400000,67053.12326509564,2024-05-18
1716076800000,66912.61861403697,2024-05-19
1716163200000,66252.71259591613,2024-05-20
1716249600000,71430.29700215145,2024-05-21
1716336000000,70189.8358177002,2024-05-22
1716422400000,69181.20085677762,2024-05-23
1716508800000,67906.46534276106,2024-05-24
1716595200000,68539.91646552991,2024-05-25
1716681600000,69268.44558973772,2024-05-26
1716768000000,68508.83110875699,2024-05-27
1716854400000,69367.23871755725,2024-05-28
1716940800000,68316.63588049631,2024-05-29
1717027200000,67577.26558995963,2024-05-30
1717113600000,68372.49288434093,2024-05-31
1717200000000,67474.95483698409,2024-06-01
1717286400000,67704.32641811523,2024-06-02
1717372800000,67740.01690222476,2024-06-03
1717459200000,68808.29368590549,2024-06-04
1717545600000,70600.01116676089,2024-06-05
1717632000000,71184.59943059199,2024-06-06
1717718400000,70759.58819301432,2024-06-07
1717804800000,69325.36238847222,2024-06-08
1717891200000,69315.1041233966,2024-06-09
1717977600000,69654.16073760358,2024-06-10
1718064000000,69493.17760915738,2024-06-11
1718150400000,67329.15232724321,2024-06-12
1718236800000,68224.51967501991,2024-06-13
1718323200000,66700.31696564378,2024-06-14
1718409600000,66011.07873713733,2024-06-15
1718496000000,66190.4874891135,2024-06-16
1718582400000,66615.53782131766,2024-06-17
1718668800000,66460.38897909952,2024-06-18
1718755200000,65109.314812190474,2024-06-19
1718841600000,64907.07460760319,2024-06-20
1718928000000,64844.67441797763,2024-06-21
1719014400000,64071.624284709695,2024-06-22
1719100800000,64239.90348813148,2024-06-23
1719187200000,63221.35738437477,2024-06-24
1719273600000,60363.23497529626,2024-06-25
1719360000000,61770.413870095355,2024-06-26
1719446400000,60749.89619402014,2024-06-27
1719532800000,61562.64532550036,2024-06-28
1719619200000,60317.09697945116,2024-06-29
1719705600000,60864.44316193428,2024-06-30
1719792000000,62734.39383945474,2024-07-01
1719878400000,62819.82226921849,2024-07-02
1719964800000,62042.5650371006,2024-07-03
1720051200000,60244.68076433092,2024-07-04
1720137600000,57189.17412408636,2024-07-05
1720224000000,56739.86285107204,2024-07-06
1720310400000,58230.4841542266,2024-07-07
1720396800000,55880.3753776708,2024-07-08
1720483200000,56665.140733520275,2024-07-09
1720569600000,57988.30351208401,2024-07-10
1720656000000,57704.202284462874,2024-07-11
1720742400000,57388.192479166675,2024-07-12
1720828800000,57899.28895749592,2024-07-13
1720915200000,59152.71913887286,2024-07-14
1721001600000,60942.32773996293,2024-07-15
1721088000000,64835.48973321571,2024-07-16
1721174400000,65162.23625234354,2024-07-17
1721260800000,64136.31384360687,2024-07-18
1721347200000,63959.56900809379,2024-07-19
1721433600000,66689.54880734957,2024-07-20
1721520000000,67206.06470614894,2024-07-21
1721606400000,68088.13996324532,2024-07-22
1721692800000,67607.71339918874,2024-07-23
1721779200000,65942.41746522837,2024-07-24
1721865600000,65403.53513022529,2024-07-25
1721952000000,65749.96361965332,2024-07-26
1722038400000,67920.2964857025,2024-07-27
1722124800000,68055.40838968738,2024-07-28
1722211200000,68242.2474440493,2024-07-29
1722297600000,66770.32091848266,2024-07-30
1722384000000,66219.05102486102,2024-07-31
1722470400000,64679.778647032515,2024-08-01
1722556800000,65357.52960767435,2024-08-02
1722643200000,61407.29547397454,2024-08-03
1722729600000,60738.7449250574,2024-08-04
1722816000000,58006.206586686734,2024-08-05
1722902400000,53956.26184159744,2024-08-06
1722988800000,55959.84107399357,2024-08-07
1723075200000,55099.95181146735,2024-08-08
1723161600000,61859.03159904161,2024-08-09
1723248000000,60912.588533350805,2024-08-10
1723334400000,60887.70861641504,2024-08-11
1723420800000,58804.23449992608,2024-08-12
1723507200000,59350.07433270696,2024-08-13
1723593600000,60601.22317789727,2024-08-14
1723680000000,58739.19382231015,2024-08-15
1723766400000,57624.11692852191,2024-08-16
1723852800000,58881.92579151217,2024-08-17
1723939200000,59430.79163445865,2024-08-18
1724025600000,58438.293742685404,2024-08-19
1724112000000,59574.945812940874,2024-08-20
1724198400000,59060.12610074137,2024-08-21
1724284800000,61144.68762866613,2024-08-22
1724371200000,60387.54062321362,2024-08-23
1724457600000,64049.68561555576,2024-08-24
1724544000000,64157.1606134782,2024-08-25
1724630400000,64265.81631272862,2024-08-26
1724716800000,62922.58634676265,2024-08-27
1724803200000,59526.560879590994,2024-08-28
1724889600000,59015.29633887944,2024-08-29
1724976000000,59351.5794909728,2024-08-30
1725062400000,59156.246036463555,2024-08-31
1725148800000,58960.23658664587,2024-09-01
1725235200000,57357.71617282246,2024-09-02
1725321600000,59108.73235863689,2024-09-03
1725408000000,57504.538586220435,2024-09-04
1725494400000,57987.84601410068,2024-09-05
1725580800000,56132.404732088595,2024-09-06
1725667200000,53923.35611071905,2024-09-07
1725753600000,54150.9383589072,2024-09-08
1725840000000,54792.40755768575,2024-09-09
1725926400000,57049.118751143265,2024-09-10
1726012800000,57624.16178336144,2024-09-11
1726099200000,57381.764445000474,2024-09-12
1726185600000,58106.951229815284,2024-09-13
1726272000000,60620.62747295754,2024-09-14
1726358400000,60003.29940083042,2024-09-15
1726444800000,59214.80226801806,2024-09-16
1726531200000,58211.123231286256,2024-09-17
1726617600000,60317.0319794625,2024-09-18
1726704000000,61440.41208494509,2024-09-19
1726790400000,62966.52931910512,2024-09-20
1726876800000,63128.224540748255,2024-09-21
1726963200000,63403.402349259355,2024-09-22
1727049600000,63582.59956924825,2024-09-23
1727136000000,63327.02654450202,2024-09-24
1727222400000,64334.14274876097,2024-09-25
1727308800000,63151.89959401337,2024-09-26
1727395200000,65130.76884023231,2024-09-27
1727481600000,65791.00212541742,2024-09-28
1727568000000,65934.10709441357,2024-09-29
1727654400000,65663.68986662335,2024-09-30
1727740800000,63243.27532464382,2024-10-01
1727827200000,60872.668543725544,2024-10-02
1727913600000,60655.55979196848,2024-10-03
1728000000000,60727.86395169296,2024-10-04
1728086400000,62103.01047283253,2024-10-05
1728172800000,62091.932585194016,2024-10-06
1728259200000,62811.79972811266,2024-10-07
1728345600000,62287.39010510681,2024-10-08
1728432000000,62185.230423727575,2024-10-09
1728518400000,60597.15045618275,2024-10-10
1728604800000,60195.18073772453,2024-10-11
1728691200000,62392.34048293159,2024-10-12
1728777600000,63207.77062127557,2024-10-13
1728864000000,62829.533686088886,2024-10-14
1728950400000,66049.99492708022,2024-10-15
1729036800000,66962.21994496793,2024-10-16
1729123200000,67647.54414766871,2024-10-17
1729209600000,67328.10527002988,2024-10-18
1729296000000,68465.61920668735,2024-10-19
1729382400000,68388.87128965274,2024-10-20
1729468800000,68962.82918045693,2024-10-21
1729555200000,67394.85775735618,2024-10-22
1729641600000,67351.04793512498,2024-10-23
1729728000000,66683.96806542306,2024-10-24
1729814400000,68214.05205157402,2024-10-25
1729900800000,66585.66535501445,2024-10-26
1729987200000,67018.1650170265,2024-10-27
1730073600000,67938.55412885673,2024-10-28
1730160000000,69845.304531169,2024-10-29
1730246400000,72781.11308158132,2024-10-30
1730332800000,72342.62171127986,2024-10-31
1730419200000,70264.99735573279,2024-11-01
1730505600000,69507.92256395647,2024-11-02
1730592000000,69299.16036699413,2024-11-03
1730678400000,68803.50626277467,2024-11-04
1730764800000,67793.29782704762,2024-11-05
1730851200000,69335.42553133758,2024-11-06
1730937600000,75620.88606963192,2024-11-07
1731024000000,75987.24178320667,2024-11-08
1731110400000,76550.0213845611,2024-11-09
1731196800000,76630.22631415377,2024-11-10
1731283200000,80466.71654833542,2024-11-11
1731369600000,88637.42000322911,2024-11-12
1731456000000,88264.59974582895,2024-11-13
1731542400000,90488.10007497849,2024-11-14
1731628800000,87407.51273710128,2024-11-15
1731715200000,90947.97509443703,2024-11-16
1731801600000,90606.45489380708,2024-11-17
1731888000000,89841.47194135105,2024-11-18
1731974400000,90534.62459650292,2024-11-19
1732060800000,92251.65240738312,2024-11-20
1732147200000,94217.02229634205,2024-11-21
1732233600000,98509.11859102432,2024-11-22
1732320000000,98927.49494553401,2024-11-23
1732406400000,97679.46381643033,2024-11-24
1732492800000,98015.9355289458,2024-11-25
1732579200000,93004.70093103287,2024-11-26
1732665600000,91931.83077291827,2024-11-27
1732752000000,95981.18057210564,2024-11-28
1732838400000,95661.59595817851,2024-11-29
1732924800000,97453.2473451042,2024-11-30
1733011200000,96513.14234698225,2024-12-01
1733097600000,97311.70719084324,2024-12-02
1733184000000,95833.1362300365,2024-12-03
1733270400000,96031.63097759831,2024-12-04
1733356800000,98881.4694561823,2024-12-05
1733443200000,97201.50036407741,2024-12-06
